<?xml version="1.0"?>
<doc>
    <assembly>
        <name>Skybrud.Social.Microsoft</name>
    </assembly>
    <members>
        <member name="P:Skybrud.Social.Microsoft.Graph.Endpoints.MicrosoftGraphUsersEndpoint.Service">
            <summary>
            Gets a reference to the Microsoft service.
            </summary>
        </member>
        <member name="P:Skybrud.Social.Microsoft.Graph.Endpoints.MicrosoftGraphUsersEndpoint.Raw">
            <summary>
            A reference to the raw endpoint.
            </summary>
        </member>
        <member name="M:Skybrud.Social.Microsoft.Graph.Endpoints.MicrosoftGraphUsersEndpoint.GetSelf">
            <summary>
            Gets information about the authenticated user.
            </summary>
            <returns>An instance of <see cref="T:Skybrud.Social.Microsoft.Graph.Responses.Users.MicrosoftGraphGetUserResponse"/> representing the response.</returns>
        </member>
        <member name="M:Skybrud.Social.Microsoft.Graph.Endpoints.MicrosoftGraphUsersEndpoint.GetUser(System.String)">
            <summary>
            Gets information about the user with the specified <paramref name="userId"/>.
            </summary>
            <param name="userId">The ID of the user.</param>
            <returns>An instance of <see cref="T:Skybrud.Social.Microsoft.Graph.Responses.Users.MicrosoftGraphGetUserResponse"/> representing the response.</returns>
        </member>
        <member name="T:Skybrud.Social.Microsoft.Graph.Endpoints.Raw.MicrosoftGraphUsersRawEndpoint">
            <summary>
            Raw implementation of the <strong>Users</strong> endpoint.
            </summary>
            <see>
                <cref>https://developer.microsoft.com/en-us/graph/docs/api-reference/v1.0/resources/users</cref>
            </see>
        </member>
        <member name="P:Skybrud.Social.Microsoft.Graph.Endpoints.Raw.MicrosoftGraphUsersRawEndpoint.Client">
            <summary>
            Gets a reference to the parent OAuth client.
            </summary>
        </member>
        <member name="M:Skybrud.Social.Microsoft.Graph.Endpoints.Raw.MicrosoftGraphUsersRawEndpoint.GetSelf">
            <summary>
            Gets information about the authenticated user.
            </summary>
            <returns>An instance of <see cref="T:Skybrud.Social.Http.SocialHttpResponse"/> representing the raw response.</returns>
            <see>
                <cref>https://developer.microsoft.com/en-us/graph/docs/api-reference/v1.0/api/user_get</cref>
            </see>
        </member>
        <member name="M:Skybrud.Social.Microsoft.Graph.Endpoints.Raw.MicrosoftGraphUsersRawEndpoint.GetUser(System.String)">
            <summary>
            Gets information about the user with the specified <paramref name="userId"/>.
            </summary>
            <param name="userId">The ID of the user.</param>
            <returns>An instance of <see cref="T:Skybrud.Social.Http.SocialHttpResponse"/> representing the raw response.</returns>
            <see>
                <cref>https://developer.microsoft.com/en-us/graph/docs/api-reference/v1.0/api/user_get</cref>
            </see>
        </member>
        <member name="T:Skybrud.Social.Microsoft.Graph.Exceptions.MicrosoftGraphHttpException">
            <summary>
            Class representing an exception based on an error from Microsoft Graph API.
            </summary>
        </member>
        <member name="P:Skybrud.Social.Microsoft.Graph.Exceptions.MicrosoftGraphHttpException.Response">
            <summary>
            Gets a reference to the underlying <see cref="T:Skybrud.Social.Http.SocialHttpResponse"/>.
            </summary>
        </member>
        <member name="P:Skybrud.Social.Microsoft.Graph.Exceptions.MicrosoftGraphHttpException.StatusCode">
            <summary>
            Gets the HTTP status code returned by the Microsoft Graph API.
            </summary>
        </member>
        <member name="M:Skybrud.Social.Microsoft.Graph.Exceptions.MicrosoftGraphHttpException.#ctor(Skybrud.Social.Http.SocialHttpResponse)">
            <summary>
            Initializes a new exception based on the specified <paramref name="response"/>.
            </summary>
            <param name="response">The instance of <see cref="T:Skybrud.Social.Http.SocialHttpResponse"/> representing the response.</param>
        </member>
        <member name="T:Skybrud.Social.Microsoft.Graph.MicrosoftGraphService">
            <summary>
            Service implementation of the Microsoft Graph API.
            </summary>
        </member>
        <member name="P:Skybrud.Social.Microsoft.Graph.MicrosoftGraphService.Client">
            <summary>
            Gets a reference to the internal OAuth client.
            </summary>
        </member>
        <member name="P:Skybrud.Social.Microsoft.Graph.MicrosoftGraphService.Users">
            <summary>
            Gets a reference to the users endpoint.
            </summary>
        </member>
        <member name="M:Skybrud.Social.Microsoft.Graph.MicrosoftGraphService.CreateFromOAuthClient(Skybrud.Social.Microsoft.Graph.OAuth.MicrosoftGraphOAuthClient)">
            <summary>
            Initialize a new service instance from the specified OAuth client.
            </summary>
            <param name="client">The OAuth client.</param>
        </member>
        <member name="M:Skybrud.Social.Microsoft.Graph.MicrosoftGraphService.CreateFromAccessToken(System.String)">
            <summary>
            Initializes a new service instance from the specifie OAuth 2 access
            token.
            </summary>
            <param name="accessToken">The access token.</param>
        </member>
        <member name="M:Skybrud.Social.Microsoft.Graph.MicrosoftGraphService.CreateFromRefreshToken(System.String,System.String,System.String,System.String)">
            <summary>
            Initializes a new instance based on the specified refresh token.
            </summary>
            <param name="clientId">The client ID.</param>
            <param name="clientSecret">The client secret.</param>
            <param name="redirectUri">Te redirect URI.</param>
            <param name="refreshToken">The refresh token of the user.</param>
        </member>
        <member name="T:Skybrud.Social.Microsoft.Graph.Models.Authentication.MicrosoftGraphToken">
            <summary>
            Class representing the response body of a call to get a refresh token or an access token.
            </summary>
        </member>
        <member name="P:Skybrud.Social.Microsoft.Graph.Models.Authentication.MicrosoftGraphToken.TokenType">
            <summary>
            Gets the type of the topen.
            </summary>
        </member>
        <member name="P:Skybrud.Social.Microsoft.Graph.Models.Authentication.MicrosoftGraphToken.Scope">
            <summary>
            Gets a collection of the scopes the user has granted.
            </summary>
        </member>
        <member name="P:Skybrud.Social.Microsoft.Graph.Models.Authentication.MicrosoftGraphToken.ExpiresIn">
            <summary>
            Gets an instance of <see cref="T:System.TimeSpan"/> for when the access token will expire.
            </summary>
        </member>
        <member name="P:Skybrud.Social.Microsoft.Graph.Models.Authentication.MicrosoftGraphToken.AccessToken">
            <summary>
            Gets the access token.
            </summary>
        </member>
        <member name="P:Skybrud.Social.Microsoft.Graph.Models.Authentication.MicrosoftGraphToken.RefreshToken">
            <summary>
            Gets the refresh token. Only included in if the user has granted offline access.
            </summary>
        </member>
        <member name="P:Skybrud.Social.Microsoft.Graph.Models.Authentication.MicrosoftGraphToken.HasRefreshToken">
            <summary>
            Gets whether the <see cref="P:Skybrud.Social.Microsoft.Graph.Models.Authentication.MicrosoftGraphToken.RefreshToken"/> has a value.
            </summary>
        </member>
        <member name="M:Skybrud.Social.Microsoft.Graph.Models.Authentication.MicrosoftGraphToken.Parse(Newtonsoft.Json.Linq.JObject)">
            <summary>
            Parses the specified <paramref name="obj"/> into an instance of <see cref="T:Skybrud.Social.Microsoft.Graph.Models.Authentication.MicrosoftGraphToken"/>.
            </summary>
            <param name="obj">The instance of <see cref="T:Newtonsoft.Json.Linq.JObject"/> to be parsed.</param>
            <returns>An instance of <see cref="T:Skybrud.Social.Microsoft.Graph.Models.Authentication.MicrosoftGraphToken"/>.</returns>
        </member>
        <member name="T:Skybrud.Social.Microsoft.Graph.Models.MicrosoftGraphObject">
            <summary>
            Class representing a basic object from the Microsoft Graph API derived from an instance of <see cref="P:Skybrud.Social.Microsoft.Graph.Models.MicrosoftGraphObject.JObject"/>.
            </summary>
        </member>
        <member name="P:Skybrud.Social.Microsoft.Graph.Models.MicrosoftGraphObject.JObject">
            <summary>
            Gets a reference the internal <see cref="P:Skybrud.Social.Microsoft.Graph.Models.MicrosoftGraphObject.JObject"/> the object was created from.
            </summary>
        </member>
        <member name="M:Skybrud.Social.Microsoft.Graph.Models.MicrosoftGraphObject.#ctor(Newtonsoft.Json.Linq.JObject)">
            <summary>
            Initializes a new instance from the specified <paramref name="obj"/>.
            </summary>
            <param name="obj">The instance of <see cref="P:Skybrud.Social.Microsoft.Graph.Models.MicrosoftGraphObject.JObject"/> representing the object.</param>
        </member>
        <member name="T:Skybrud.Social.Microsoft.Graph.Models.Users.MicrosoftGraphUser">
            <summary>
            Class representing a user as returned by the Microsoft Graph API.
            </summary>
            <see>
                <cref>https://developer.microsoft.com/en-us/graph/docs/api-reference/v1.0/resources/users</cref>
            </see>
        </member>
        <member name="P:Skybrud.Social.Microsoft.Graph.Models.Users.MicrosoftGraphUser.Id">
            <summary>
            Gets the unique identifier for the user.
            </summary>
        </member>
        <member name="P:Skybrud.Social.Microsoft.Graph.Models.Users.MicrosoftGraphUser.DisplayName">
            <summary>
            Gets the name displayed in the address book for the user.
            </summary>
        </member>
        <member name="P:Skybrud.Social.Microsoft.Graph.Models.Users.MicrosoftGraphUser.Surname">
            <summary>
            Gets the last name of the user.
            </summary>
        </member>
        <member name="P:Skybrud.Social.Microsoft.Graph.Models.Users.MicrosoftGraphUser.GivenName">
            <summary>
            Gets the first name of the user.
            </summary>
        </member>
        <member name="P:Skybrud.Social.Microsoft.Graph.Models.Users.MicrosoftGraphUser.UserPrincipalName">
            <summary>
            Gets the user's principal name.
            </summary>
        </member>
        <member name="M:Skybrud.Social.Microsoft.Graph.Models.Users.MicrosoftGraphUser.Parse(Newtonsoft.Json.Linq.JObject)">
            <summary>
            Parses the specified <paramref name="obj"/> into an instance of <see cref="T:Skybrud.Social.Microsoft.Graph.Models.Users.MicrosoftGraphUser"/>.
            </summary>
            <param name="obj">The instance of <see cref="T:Newtonsoft.Json.Linq.JObject"/> to be parsed.</param>
            <returns>An instance of <see cref="T:Skybrud.Social.Microsoft.Graph.Models.Users.MicrosoftGraphUser"/>.</returns>
        </member>
        <member name="T:Skybrud.Social.Microsoft.Graph.OAuth.MicrosoftGraphOAuthClient">
            <see>
                <cref>https://developer.microsoft.com/en-us/graph/docs/concepts/auth_register_app_v2</cref>
                <cref>https://developer.microsoft.com/en-us/graph/docs/concepts/auth_v2_user</cref>
            </see>
        </member>
        <member name="P:Skybrud.Social.Microsoft.Graph.OAuth.MicrosoftGraphOAuthClient.ClientId">
            <summary>
            Gets or sets the client ID.
            </summary>
        </member>
        <member name="P:Skybrud.Social.Microsoft.Graph.OAuth.MicrosoftGraphOAuthClient.ClientSecret">
            <summary>
            Gets or sets the client secret.
            </summary>
        </member>
        <member name="P:Skybrud.Social.Microsoft.Graph.OAuth.MicrosoftGraphOAuthClient.RedirectUri">
            <summary>
            Gets or sets the redirect URI.
            </summary>
        </member>
        <member name="P:Skybrud.Social.Microsoft.Graph.OAuth.MicrosoftGraphOAuthClient.AccessToken">
            <summary>
            Gets or sets the access token.
            </summary>
        </member>
        <member name="P:Skybrud.Social.Microsoft.Graph.OAuth.MicrosoftGraphOAuthClient.Users">
            <summary>
            Gets a reference to the raw users endpoint.
            </summary>
        </member>
        <member name="M:Skybrud.Social.Microsoft.Graph.OAuth.MicrosoftGraphOAuthClient.#ctor">
            <summary>
            Initializes an OAuth client with empty information.
            </summary>
        </member>
        <member name="M:Skybrud.Social.Microsoft.Graph.OAuth.MicrosoftGraphOAuthClient.#ctor(System.String)">
            <summary>
            Initializes an OAuth client with the specified <paramref name="accessToken"/>.
            </summary>
            <param name="accessToken">A valid access token.</param>
        </member>
        <member name="M:Skybrud.Social.Microsoft.Graph.OAuth.MicrosoftGraphOAuthClient.#ctor(System.String,System.String)">
            <summary>
            Initializes an OAuth client with the specified <paramref name="clientId"/> and
            <paramref name="clientSecret"/>.
            </summary>
            <param name="clientId">The ID of the client.</param>
            <param name="clientSecret">The secret of the client.</param>
        </member>
        <member name="M:Skybrud.Social.Microsoft.Graph.OAuth.MicrosoftGraphOAuthClient.#ctor(System.String,System.String,System.String)">
            <summary>
            Initializes an OAuth client with the specified <paramref name="clientId"/>, <paramref name="clientSecret"/>
            and <paramref name="redirectUri"/>.
            </summary>
            <param name="clientId">The ID of the client.</param>
            <param name="clientSecret">The secret of the client.</param>
            <param name="redirectUri">The redirect URI of the client.</param>
        </member>
        <member name="M:Skybrud.Social.Microsoft.Graph.OAuth.MicrosoftGraphOAuthClient.GetAuthorizationUrl(System.String)">
            <summary>
            Generates the authorization URL based on the specified <paramref name="state"/>.
            </summary>
            <param name="state">The state to send to the Microsoft OAuth login page.</param>
            <returns>An authorization URL based on <paramref name="state"/>.</returns>
            <see>
                <cref>https://developer.microsoft.com/en-us/graph/docs/concepts/auth_v2_user#2-get-authorization</cref>
            </see>
        </member>
        <member name="M:Skybrud.Social.Microsoft.Graph.OAuth.MicrosoftGraphOAuthClient.GetAuthorizationUrl(System.String,Skybrud.Social.Microsoft.Graph.Scopes.MicrosoftGraphScopeCollection)">
            <summary>
            Generates the authorization URL based on the specified <paramref name="state"/> and <paramref name="scope"/>.
            </summary>
            <param name="state">The state to send to the Microsoft OAuth login page.</param>
            <param name="scope">The scope of the application.</param>
            <returns>An authorization URL based on <paramref name="state"/> and <paramref name="scope"/>.</returns>
            <see>
                <cref>https://developer.microsoft.com/en-us/graph/docs/concepts/auth_v2_user#2-get-authorization</cref>
            </see>
        </member>
        <member name="M:Skybrud.Social.Microsoft.Graph.OAuth.MicrosoftGraphOAuthClient.GetAuthorizationUrl(System.String,System.String)">
            <summary>
            Generates the authorization URL based on the specified <paramref name="state"/> and <paramref name="scope"/>.
            </summary>
            <param name="state">The state to send to the Microsoft OAuth login page.</param>
            <param name="scope">The scope of the application.</param>
            <returns>An authorization URL based on <paramref name="state"/> and <paramref name="scope"/>.</returns>
            <see>
                <cref>https://developer.microsoft.com/en-us/graph/docs/concepts/auth_v2_user#2-get-authorization</cref>
            </see>
        </member>
        <member name="M:Skybrud.Social.Microsoft.Graph.OAuth.MicrosoftGraphOAuthClient.GetAccessTokenFromAuthCode(System.String,System.String)">
            <summary>
            Exchanges the specified <paramref name="authorizationCode"/> for a refresh token and an access token.
            </summary>
            <param name="authorizationCode">The authorization code received from the Microsoft OAuth dialog.</param>
            <param name="scope">The scope.</param>
            <returns>An instance of <see cref="T:Skybrud.Social.Microsoft.Graph.Responses.Authentication.MicrosoftGraphTokenResponse"/> representing the response.</returns>
            <see>
                <cref>https://developer.microsoft.com/en-us/graph/docs/concepts/auth_v2_user#3-get-a-token</cref>
            </see>
        </member>
        <member name="M:Skybrud.Social.Microsoft.Graph.OAuth.MicrosoftGraphOAuthClient.GetAccessTokenFromRefreshToken(System.String)">
            <summary>
            Gets a new access token from the specified <paramref name="refreshToken"/>.
            </summary>
            <param name="refreshToken">The refresh token.</param>
            <returns>An instance of <see cref="T:Skybrud.Social.Microsoft.Graph.Responses.Authentication.MicrosoftGraphTokenResponse"/> representing the response.</returns>
            <see>
                <cref>https://developer.microsoft.com/en-us/graph/docs/concepts/auth_v2_user#5-use-the-refresh-token-to-get-a-new-access-token</cref>
            </see>
        </member>
        <member name="M:Skybrud.Social.Microsoft.Graph.OAuth.MicrosoftGraphOAuthClient.PrepareHttpRequest(Skybrud.Social.Http.SocialHttpRequest)">
            <summary>
            Virtual method that can be used for configuring a request.
            </summary>
            <param name="request">The instance of <see cref="T:Skybrud.Social.Http.SocialHttpRequest"/> representing the request.</param>
        </member>
        <member name="T:Skybrud.Social.Microsoft.Graph.Responses.Authentication.MicrosoftGraphTokenResponse">
            <see>
                <cref>https://developer.microsoft.com/en-us/graph/docs/concepts/auth_v2_user#3-get-a-token</cref>
            </see>
        </member>
        <member name="M:Skybrud.Social.Microsoft.Graph.Responses.Authentication.MicrosoftGraphTokenResponse.ParseResponse(Skybrud.Social.Http.SocialHttpResponse)">
            <summary>
            Parses the specified <paramref name="response"/> into an instance of <see cref="T:Skybrud.Social.Microsoft.Graph.Responses.Authentication.MicrosoftGraphTokenResponse"/>.
            </summary>
            <param name="response">The response to be parsed.</param>
            <returns>An instance of <see cref="T:Skybrud.Social.Microsoft.Graph.Responses.Authentication.MicrosoftGraphTokenResponse"/>.</returns>
        </member>
        <member name="T:Skybrud.Social.Microsoft.Graph.Responses.MicrosoftGraphResponse">
            <summary>
            Class representing a response from the Microsoft Graph API.
            </summary>
        </member>
        <member name="M:Skybrud.Social.Microsoft.Graph.Responses.MicrosoftGraphResponse.#ctor(Skybrud.Social.Http.SocialHttpResponse)">
            <summary>
            Initializes a new instance from the specified <paramref name="response"/>.
            </summary>
            <param name="response">The response.</param>
        </member>
        <member name="M:Skybrud.Social.Microsoft.Graph.Responses.MicrosoftGraphResponse.ValidateResponse(Skybrud.Social.Http.SocialHttpResponse)">
            <summary>
            Validates the specified <paramref name="response"/>.
            </summary>
            <param name="response">The instance of <see cref="T:Skybrud.Social.Http.SocialHttpResponse"/> representing the raw response.</param>
        </member>
        <member name="T:Skybrud.Social.Microsoft.Graph.Responses.MicrosoftGraphResponse`1">
            <summary>
            Class representing a response from one of the the various Microsoft APIs.
            </summary>
        </member>
        <member name="P:Skybrud.Social.Microsoft.Graph.Responses.MicrosoftGraphResponse`1.Body">
            <summary>
            Gets the body of the response.
            </summary>
        </member>
        <member name="M:Skybrud.Social.Microsoft.Graph.Responses.MicrosoftGraphResponse`1.#ctor(Skybrud.Social.Http.SocialHttpResponse)">
            <summary>
            Initializes a new instance based on the specified <paramref name="response"/>.
            </summary>
            <param name="response">The instance of <see cref="T:Skybrud.Social.Http.SocialHttpResponse"/> representing the raw response.</param>
        </member>
        <member name="T:Skybrud.Social.Microsoft.Graph.Responses.Users.MicrosoftGraphGetUserResponse">
            <summary>
            Class representing a response from the Microsoft Graph API with information about a user.
            </summary>
        </member>
        <member name="M:Skybrud.Social.Microsoft.Graph.Responses.Users.MicrosoftGraphGetUserResponse.ParseResponse(Skybrud.Social.Http.SocialHttpResponse)">
            <summary>
            Parses the specified <paramref name="response"/> into an instance of <see cref="T:Skybrud.Social.Microsoft.Graph.Responses.Users.MicrosoftGraphGetUserResponse"/>.
            </summary>
            <param name="response">The response to be parsed.</param>
            <returns>An instance of <see cref="T:Skybrud.Social.Microsoft.Graph.Responses.Users.MicrosoftGraphGetUserResponse"/>.</returns>
        </member>
        <member name="T:Skybrud.Social.Microsoft.Graph.Scopes.MicrosoftGraphScope">
            <summary>
            Class representing a scope of the Microsoft Graph API.
            </summary>
        </member>
        <member name="P:Skybrud.Social.Microsoft.Graph.Scopes.MicrosoftGraphScope.Alias">
            <summary>
            Gets the name of the scope.
            </summary>
        </member>
        <member name="P:Skybrud.Social.Microsoft.Graph.Scopes.MicrosoftGraphScope.Name">
            <summary>
            Gets the name of the scope.
            </summary>
        </member>
        <member name="P:Skybrud.Social.Microsoft.Graph.Scopes.MicrosoftGraphScope.Description">
            <summary>
            Gets the description of the scope.
            </summary>
        </member>
        <member name="P:Skybrud.Social.Microsoft.Graph.Scopes.MicrosoftGraphScope.RequiresAdminConsent">
            <summary>
            Gets whether the scope requires consent from an administrator.
            </summary>
        </member>
        <member name="M:Skybrud.Social.Microsoft.Graph.Scopes.MicrosoftGraphScope.#ctor(System.String)">
            <summary>
            Initializes a new scope based on the specified <paramref name="alias"/>.
            </summary>
            <param name="alias">The alias of the scope.</param>
        </member>
        <member name="M:Skybrud.Social.Microsoft.Graph.Scopes.MicrosoftGraphScope.#ctor(System.String,System.String,System.String)">
            <summary>
            Initializes a new scope based on the specified <paramref name="alias"/>, <paramref name="name"/> and <paramref name="description"/>.
            </summary>
            <param name="alias">The alias of the scope.</param>
            <param name="name">The name of the scope.</param>
            <param name="description">The description of the scope.</param>
        </member>
        <member name="M:Skybrud.Social.Microsoft.Graph.Scopes.MicrosoftGraphScope.#ctor(System.String,System.String,System.String,System.Boolean)">
            <summary>
            Initializes a new scope based on the specified <paramref name="alias"/>, <paramref name="name"/> and <paramref name="description"/>.
            </summary>
            <param name="alias">The alias of the scope.</param>
            <param name="name">The name of the scope.</param>
            <param name="description">The description of the scope.</param>
            <param name="consent">Whether the scope requires consent from an administrator.</param>
        </member>
        <member name="M:Skybrud.Social.Microsoft.Graph.Scopes.MicrosoftGraphScope.ToString">
            <summary>
            Returns a string representation of the scope.
            </summary>
            <returns>A string representing the scope.</returns>
        </member>
        <member name="M:Skybrud.Social.Microsoft.Graph.Scopes.MicrosoftGraphScope.RegisterScope(System.String)">
            <summary>
            Registers a scope in the internal dictionary.
            </summary>
            <param name="alias">The alias of the scope.</param>
        </member>
        <member name="M:Skybrud.Social.Microsoft.Graph.Scopes.MicrosoftGraphScope.RegisterScope(System.String,System.String,System.String)">
            <summary>
            Registers a scope in the internal dictionary.
            </summary>
            <param name="alias">The alias of the scope.</param>
            <param name="name">The name of the scope.</param>
            <param name="description">The description of the scope.</param>
        </member>
        <member name="M:Skybrud.Social.Microsoft.Graph.Scopes.MicrosoftGraphScope.RegisterScope(System.String,System.String,System.String,System.Boolean)">
            <summary>
            Registers a scope in the internal dictionary.
            </summary>
            <param name="alias">The alias of the scope.</param>
            <param name="name">The name of the scope.</param>
            <param name="description">The description of the scope.</param>
            <param name="consent">Whether the scope requires consent from an administrator.</param>
        </member>
        <member name="M:Skybrud.Social.Microsoft.Graph.Scopes.MicrosoftGraphScope.GetScope(System.String)">
            <summary>
            Attempts to get a scope with the specified <paramref name="alias"/>.
            </summary>
            <param name="alias">The alias of the scope.</param>
            <returns>Gets a scope matching the specified <paramref name="alias"/>, or <c>null</c> if not found.</returns>
        </member>
        <member name="M:Skybrud.Social.Microsoft.Graph.Scopes.MicrosoftGraphScope.ScopeExists(System.String)">
            <summary>
            Gets whether the scope with the specified <paramref name="alias"/> is a known scope.
            </summary>
            <param name="alias">The alias of the scope.</param>
            <returns><c>true</c> if <paramref name="alias"/> matches a known scope, otherwise <c>false</c>.</returns>
        </member>
        <member name="M:Skybrud.Social.Microsoft.Graph.Scopes.MicrosoftGraphScope.op_Addition(Skybrud.Social.Microsoft.Graph.Scopes.MicrosoftGraphScope,Skybrud.Social.Microsoft.Graph.Scopes.MicrosoftGraphScope)">
            <summary>
            Adding two instances of <see cref="T:Skybrud.Social.Microsoft.Graph.Scopes.MicrosoftGraphScope"/> will result in a <see cref="T:Skybrud.Social.Microsoft.Graph.Scopes.MicrosoftGraphScopeCollection"/> containing both scopes.
            </summary>
            <param name="left">The left scope.</param>
            <param name="right">The right scope.</param>
            <returns>A new collection based on <paramref name="left"/> and <paramref name="right"/>.</returns>
        </member>
        <member name="T:Skybrud.Social.Microsoft.Graph.Scopes.MicrosoftGraphScopeCollection">
            <summary>
            Class representing a collection of scopes for the various Microsoft APIs.
            </summary>
        </member>
        <member name="P:Skybrud.Social.Microsoft.Graph.Scopes.MicrosoftGraphScopeCollection.Items">
            <summary>
            Gets an array of all the scopes added to the collection.
            </summary>
        </member>
        <member name="M:Skybrud.Social.Microsoft.Graph.Scopes.MicrosoftGraphScopeCollection.#ctor(Skybrud.Social.Microsoft.Graph.Scopes.MicrosoftGraphScope[])">
            <summary>
            Initializes a new collection based on the specified <paramref name="array"/> of scopes.
            </summary>
            <param name="array">Array of scopes.</param>
        </member>
        <member name="M:Skybrud.Social.Microsoft.Graph.Scopes.MicrosoftGraphScopeCollection.Add(Skybrud.Social.Microsoft.Graph.Scopes.MicrosoftGraphScope)">
            <summary>
            Adds the specified <paramref name="scope"/> to the collection.
            </summary>
            <param name="scope">The scope to be added.</param>
        </member>
        <member name="M:Skybrud.Social.Microsoft.Graph.Scopes.MicrosoftGraphScopeCollection.ToArray">
            <summary>
            Returns an array of scopes based on the collection.
            </summary>
            <returns>Array of <see cref="T:Skybrud.Social.Microsoft.Graph.Scopes.MicrosoftGraphScope"/> contained in the location.</returns>
        </member>
        <member name="M:Skybrud.Social.Microsoft.Graph.Scopes.MicrosoftGraphScopeCollection.ToStringArray">
            <summary>
            Returns an array of strings representing each scope in the collection.
            </summary>
            <returns>Array of <see cref="T:System.String"/> representing each scope in the collection.</returns>
        </member>
        <member name="M:Skybrud.Social.Microsoft.Graph.Scopes.MicrosoftGraphScopeCollection.ToString">
            <summary>
            Returns a string representing the scopes added to the collection using a comma as a separator.
            </summary>
            <returns>A string of scopes separated by a comma.</returns>
        </member>
        <member name="M:Skybrud.Social.Microsoft.Graph.Scopes.MicrosoftGraphScopeCollection.op_Implicit(Skybrud.Social.Microsoft.Graph.Scopes.MicrosoftGraphScope)~Skybrud.Social.Microsoft.Graph.Scopes.MicrosoftGraphScopeCollection">
            <summary>
            Initializes a new collection based on a single <paramref name="scope"/>.
            </summary>
            <param name="scope">The scope the collection should be based on.</param>
            <returns>A new collection based on a single <paramref name="scope"/>.</returns>
        </member>
        <member name="M:Skybrud.Social.Microsoft.Graph.Scopes.MicrosoftGraphScopeCollection.op_Implicit(Skybrud.Social.Microsoft.Graph.Scopes.MicrosoftGraphScope[])~Skybrud.Social.Microsoft.Graph.Scopes.MicrosoftGraphScopeCollection">
            <summary>
            Initializes a new collection based on an <paramref name="array"/> of scopes.
            </summary>
            <param name="array">The array of scopes the collection should be based on.</param>
            <returns>A new collection based on an <paramref name="array"/> of scopes.</returns>
        </member>
        <member name="M:Skybrud.Social.Microsoft.Graph.Scopes.MicrosoftGraphScopeCollection.op_Addition(Skybrud.Social.Microsoft.Graph.Scopes.MicrosoftGraphScopeCollection,Skybrud.Social.Microsoft.Graph.Scopes.MicrosoftGraphScope)">
            <summary>
            Adds <paramref name="scope"/> to <paramref name="collection"/> using the plus operator.
            </summary>
            <param name="collection">The collection to which <paramref name="scope"/> will be added.</param>
            <param name="scope">The scope to be added to the <paramref name="collection"/>.</param>
        </member>
        <member name="T:Skybrud.Social.Microsoft.Graph.Scopes.MicrosoftGraphScopes">
            <see>
                <cref>https://developer.microsoft.com/en-us/graph/docs/concepts/permissions_reference#user-permissions</cref>
            </see>
        </member>
        <member name="F:Skybrud.Social.Microsoft.Graph.Scopes.MicrosoftGraphScopes.OfflineAccess">
            <summary>
            Allows the app to read and update user data, even when they are not currently using the app.
            </summary>
        </member>
        <member name="T:Skybrud.Social.Microsoft.Graph.Scopes.MicrosoftGraphScopes.Users">
            <see>
                <cref>https://developer.microsoft.com/en-us/graph/docs/concepts/permissions_reference#user-permissions</cref>
            </see>
        </member>
        <member name="F:Skybrud.Social.Microsoft.Graph.Scopes.MicrosoftGraphScopes.Users.Read">
            <summary>
            Allows users to sign-in to the app, and allows the app to read the profile of signed-in users. It also allows the app to read basic company information of signed-in users.
            </summary>
        </member>
        <member name="F:Skybrud.Social.Microsoft.Graph.Scopes.MicrosoftGraphScopes.Users.ReadWrite">
            <summary>
            Allows the app to read the signed-in user's full profile. It also allows the app to update the signed-in user's profile information on their behalf.
            </summary>
        </member>
        <member name="F:Skybrud.Social.Microsoft.Graph.Scopes.MicrosoftGraphScopes.Users.ReadBasicAll">
            <summary>
            Allows the app to read a basic set of profile properties of other users in your organization on behalf of the signed-in user. This includes display name, first and last name, email address, open extensions and photo. Also allows the app to read the full profile of the signed-in user.
            </summary>
        </member>
        <member name="F:Skybrud.Social.Microsoft.Graph.Scopes.MicrosoftGraphScopes.Users.ReadAll">
            <summary>
            Allows the app to read the full set of profile properties, reports, and managers of other users in your organization, on behalf of the signed-in user.
            
            <strong>Requires admin content</strong>
            </summary>
        </member>
        <member name="F:Skybrud.Social.Microsoft.Graph.Scopes.MicrosoftGraphScopes.Users.ReadWriteAll">
            <summary>
            Allows the app to read and write the full set of profile properties, reports, and managers of other users in your organization, on behalf of the signed-in user. Also allows the app to create and delete users as well as reset user passwords on behalf of the signed-in user.
            
            </summary>
        </member>
        <member name="F:Skybrud.Social.Microsoft.Graph.Scopes.MicrosoftGraphScopes.Users.InviteAll">
            <summary>
            Allows the app to invite guest users to your organization, on behalf of the signed-in user.
            
            <strong>Requires admin content</strong>
            </summary>
        </member>
        <member name="F:Skybrud.Social.Microsoft.Graph.Scopes.MicrosoftGraphScopes.Users.ExportAll">
            <summary>
            Allows the app to export an organizational user's data, when performed by a Company Administrator.
            
            <strong>Requires admin content</strong>
            </summary>
        </member>
        <member name="F:Skybrud.Social.Microsoft.Graph.Scopes.MicrosoftGraphScopes.Users.All">
            <summary>
            Gets an array of all scopes of the users endpoint.
            </summary>
        </member>
        <member name="T:Skybrud.Social.Microsoft.WindowsLive.Endpoints.Raw.WindowsLiveUsersRawEndpoint">
            <summary>
            Raw implementation of the Windows Live users endpoint.
            </summary>
            <see>
                <cref>https://msdn.microsoft.com/en-us/library/hh826533.aspx#requesting_info_using_rest</cref>
            </see>
        </member>
        <member name="P:Skybrud.Social.Microsoft.WindowsLive.Endpoints.Raw.WindowsLiveUsersRawEndpoint.Client">
            <summary>
            Gets a reference to the parent OAuth client.
            </summary>
        </member>
        <member name="M:Skybrud.Social.Microsoft.WindowsLive.Endpoints.Raw.WindowsLiveUsersRawEndpoint.GetSelf">
            <summary>
            Gets information about the authenticated user.
            </summary>
            <returns>An instance of <see cref="T:Skybrud.Social.Http.SocialHttpResponse"/> representing the raw response.</returns>
        </member>
        <member name="M:Skybrud.Social.Microsoft.WindowsLive.Endpoints.Raw.WindowsLiveUsersRawEndpoint.GetUser(System.String)">
            <summary>
            Gets information about the user with the specified <paramref name="userId"/>.
            </summary>
            <param name="userId">The ID of the user.</param>
            <returns>An instance of <see cref="T:Skybrud.Social.Http.SocialHttpResponse"/> representing the raw response.</returns>
        </member>
        <member name="T:Skybrud.Social.Microsoft.WindowsLive.Endpoints.WindowsLiveEndpoint">
            <summary>
            Implementation of the Windows Live endpoint.
            </summary>
        </member>
        <member name="P:Skybrud.Social.Microsoft.WindowsLive.Endpoints.WindowsLiveEndpoint.Service">
            <summary>
            Gets a reference to the Microsoft service.
            </summary>
        </member>
        <member name="P:Skybrud.Social.Microsoft.WindowsLive.Endpoints.WindowsLiveEndpoint.Raw">
            <summary>
            A reference to the raw endpoint.
            </summary>
        </member>
        <member name="M:Skybrud.Social.Microsoft.WindowsLive.Endpoints.WindowsLiveEndpoint.GetSelf">
            <summary>
            Gets information about the authenticated user.
            </summary>
            <returns>An instance of <see cref="T:Skybrud.Social.Microsoft.WindowsLive.Responses.Users.WindowsLiveGetUserResponse"/> representing the response.</returns>
        </member>
        <member name="M:Skybrud.Social.Microsoft.WindowsLive.Endpoints.WindowsLiveEndpoint.GetUser(System.String)">
            <summary>
            Gets information about the user with the specified <paramref name="userId"/>.
            </summary>
            <param name="userId">The ID of the user.</param>
            <returns>An instance of <see cref="T:Skybrud.Social.Microsoft.WindowsLive.Responses.Users.WindowsLiveGetUserResponse"/> representing the response.</returns>
        </member>
        <member name="T:Skybrud.Social.Microsoft.WindowsLive.Exceptions.WindowsLiveHttpException">
            <summary>
            Class representing an exception based on an error from the Windows Live API.
            </summary>
        </member>
        <member name="P:Skybrud.Social.Microsoft.WindowsLive.Exceptions.WindowsLiveHttpException.Response">
            <summary>
            Gets a reference to the underlying <see cref="T:Skybrud.Social.Http.SocialHttpResponse"/>.
            </summary>
        </member>
        <member name="P:Skybrud.Social.Microsoft.WindowsLive.Exceptions.WindowsLiveHttpException.StatusCode">
            <summary>
            Gets the HTTP status code returned by the Microsoft API.
            </summary>
        </member>
        <member name="M:Skybrud.Social.Microsoft.WindowsLive.Exceptions.WindowsLiveHttpException.#ctor(Skybrud.Social.Http.SocialHttpResponse)">
            <summary>
            Initializes a new exception based on the specified <paramref name="response"/>.
            </summary>
            <param name="response">The instance of <see cref="T:Skybrud.Social.Http.SocialHttpResponse"/> representing the response.</param>
        </member>
        <member name="T:Skybrud.Social.Microsoft.WindowsLive.Models.Authentication.WindowsLiveTokenResponseBody">
            <summary>
            Class representing the response body of a call to get a refresh token or an access token.
            </summary>
        </member>
        <member name="P:Skybrud.Social.Microsoft.WindowsLive.Models.Authentication.WindowsLiveTokenResponseBody.TokenType">
            <summary>
            Gets the type of the topen.
            </summary>
        </member>
        <member name="P:Skybrud.Social.Microsoft.WindowsLive.Models.Authentication.WindowsLiveTokenResponseBody.ExpiresIn">
            <summary>
            Gets an instance of <see cref="T:System.TimeSpan"/> for when the access token will expire.
            </summary>
        </member>
        <member name="P:Skybrud.Social.Microsoft.WindowsLive.Models.Authentication.WindowsLiveTokenResponseBody.Scope">
            <summary>
            Gets a collection of the scopes the user has granted.
            </summary>
        </member>
        <member name="P:Skybrud.Social.Microsoft.WindowsLive.Models.Authentication.WindowsLiveTokenResponseBody.AccessToken">
            <summary>
            Gets the access token.
            </summary>
        </member>
        <member name="P:Skybrud.Social.Microsoft.WindowsLive.Models.Authentication.WindowsLiveTokenResponseBody.AuthenticationToken">
            <summary>
            Gets the authentication token.
            </summary>
        </member>
        <member name="P:Skybrud.Social.Microsoft.WindowsLive.Models.Authentication.WindowsLiveTokenResponseBody.RefreshToken">
            <summary>
            Gets the refresh token.
            </summary>
        </member>
        <member name="P:Skybrud.Social.Microsoft.WindowsLive.Models.Authentication.WindowsLiveTokenResponseBody.HasAuthenticationToken">
            <summary>
            Gets whether a authentication token was specified in the response.
            </summary>
        </member>
        <member name="P:Skybrud.Social.Microsoft.WindowsLive.Models.Authentication.WindowsLiveTokenResponseBody.HasRefreshToken">
            <summary>
            Gets whether a refresh token was specified in the response.
            </summary>
        </member>
        <member name="M:Skybrud.Social.Microsoft.WindowsLive.Models.Authentication.WindowsLiveTokenResponseBody.Parse(Newtonsoft.Json.Linq.JObject)">
            <summary>
            Parses the specified <paramref name="obj"/> into an instance of <see cref="T:Skybrud.Social.Microsoft.WindowsLive.Models.Authentication.WindowsLiveTokenResponseBody"/>.
            </summary>
            <param name="obj">The instance of <see cref="T:Newtonsoft.Json.Linq.JObject"/> to be parsed.</param>
            <returns>An instance of <see cref="T:Skybrud.Social.Microsoft.WindowsLive.Models.Authentication.WindowsLiveTokenResponseBody"/>.</returns>
        </member>
        <member name="M:Skybrud.Social.Microsoft.WindowsLive.Models.Users.WindowsLiveUser.Parse(Newtonsoft.Json.Linq.JObject)">
            <summary>
            Parses the specified <paramref name="obj"/> into an instance of <see cref="T:Skybrud.Social.Microsoft.WindowsLive.Models.Users.WindowsLiveUser"/>.
            </summary>
            <param name="obj">The instance of <see cref="T:Newtonsoft.Json.Linq.JObject"/> to be parsed.</param>
            <returns>An instance of <see cref="T:Skybrud.Social.Microsoft.WindowsLive.Models.Users.WindowsLiveUser"/>.</returns>
        </member>
        <member name="M:Skybrud.Social.Microsoft.WindowsLive.Models.Users.WindowsLiveUserEmailsInfo.Parse(Newtonsoft.Json.Linq.JObject)">
            <summary>
            Parses the specified <paramref name="obj"/> into an instance of <see cref="T:Skybrud.Social.Microsoft.WindowsLive.Models.Users.WindowsLiveUserEmailsInfo"/>.
            </summary>
            <param name="obj">The instance of <see cref="T:Newtonsoft.Json.Linq.JObject"/> to be parsed.</param>
            <returns>An instance of <see cref="T:Skybrud.Social.Microsoft.WindowsLive.Models.Users.WindowsLiveUserEmailsInfo"/>.</returns>
        </member>
        <member name="T:Skybrud.Social.Microsoft.WindowsLive.Models.WindowsLiveObject">
            <summary>
            Class representing a basic object from the Windows Live API derived from an instance of <see cref="P:Skybrud.Social.Microsoft.WindowsLive.Models.WindowsLiveObject.JObject"/>.
            </summary>
        </member>
        <member name="P:Skybrud.Social.Microsoft.WindowsLive.Models.WindowsLiveObject.JObject">
            <summary>
            Gets a reference the internal <see cref="P:Skybrud.Social.Microsoft.WindowsLive.Models.WindowsLiveObject.JObject"/> the object was created from.
            </summary>
        </member>
        <member name="M:Skybrud.Social.Microsoft.WindowsLive.Models.WindowsLiveObject.#ctor(Newtonsoft.Json.Linq.JObject)">
            <summary>
            Initializes a new instance from the specified <paramref name="obj"/>.
            </summary>
            <param name="obj">The instance of <see cref="P:Skybrud.Social.Microsoft.WindowsLive.Models.WindowsLiveObject.JObject"/> representing the object.</param>
        </member>
        <member name="T:Skybrud.Social.Microsoft.WindowsLive.OAuth.WindowsLiveOAuthClient">
            <see>
                <cref>https://msdn.microsoft.com/en-us/library/hh243647.aspx</cref>
            </see>
        </member>
        <member name="P:Skybrud.Social.Microsoft.WindowsLive.OAuth.WindowsLiveOAuthClient.ClientId">
            <summary>
            Gets or sets the client ID.
            </summary>
        </member>
        <member name="P:Skybrud.Social.Microsoft.WindowsLive.OAuth.WindowsLiveOAuthClient.ClientSecret">
            <summary>
            Gets or sets the client secret.
            </summary>
        </member>
        <member name="P:Skybrud.Social.Microsoft.WindowsLive.OAuth.WindowsLiveOAuthClient.RedirectUri">
            <summary>
            Gets or sets the redirect URI.
            </summary>
        </member>
        <member name="P:Skybrud.Social.Microsoft.WindowsLive.OAuth.WindowsLiveOAuthClient.AccessToken">
            <summary>
            Gets or sets the access token.
            </summary>
        </member>
        <member name="P:Skybrud.Social.Microsoft.WindowsLive.OAuth.WindowsLiveOAuthClient.Users">
            <summary>
            Gets a reference to the raw users endpoint.
            </summary>
        </member>
        <member name="M:Skybrud.Social.Microsoft.WindowsLive.OAuth.WindowsLiveOAuthClient.#ctor">
            <summary>
            Initializes an OAuth client with empty information.
            </summary>
        </member>
        <member name="M:Skybrud.Social.Microsoft.WindowsLive.OAuth.WindowsLiveOAuthClient.#ctor(System.String)">
            <summary>
            Initializes an OAuth client with the specified <paramref name="accessToken"/>.
            </summary>
            <param name="accessToken">A valid access token.</param>
        </member>
        <member name="M:Skybrud.Social.Microsoft.WindowsLive.OAuth.WindowsLiveOAuthClient.#ctor(System.String,System.String)">
            <summary>
            Initializes an OAuth client with the specified <paramref name="clientId"/> and
            <paramref name="clientSecret"/>.
            </summary>
            <param name="clientId">The ID of the client.</param>
            <param name="clientSecret">The secret of the client.</param>
        </member>
        <member name="M:Skybrud.Social.Microsoft.WindowsLive.OAuth.WindowsLiveOAuthClient.#ctor(System.String,System.String,System.String)">
            <summary>
            Initializes an OAuth client with the specified <paramref name="clientId"/>, <paramref name="clientSecret"/>
            and <paramref name="redirectUri"/>.
            </summary>
            <param name="clientId">The ID of the client.</param>
            <param name="clientSecret">The secret of the client.</param>
            <param name="redirectUri">The redirect URI of the client.</param>
        </member>
        <member name="M:Skybrud.Social.Microsoft.WindowsLive.OAuth.WindowsLiveOAuthClient.GetAuthorizationUrl(System.String,Skybrud.Social.Microsoft.WindowsLive.Scopes.WindowsLiveScopeCollection)">
            <summary>
            Generates the authorization URL based on the specified <paramref name="state"/> and
            <paramref name="scope"/>.
            </summary>
            <param name="state">The state to send to the Microsoft OAuth login page.</param>
            <param name="scope">The scope of the application.</param>
            <returns>An authorization URL based on <paramref name="state"/> and <paramref name="scope"/>.</returns>
        </member>
        <member name="M:Skybrud.Social.Microsoft.WindowsLive.OAuth.WindowsLiveOAuthClient.GetAuthorizationUrl(System.String,System.String[])">
            <summary>
            Generates the authorization URL based on the specified <paramref name="state"/> and
            <paramref name="scope"/>.
            </summary>
            <param name="state">The state to send to the Microsoft OAuth login page.</param>
            <param name="scope">The scope of the application.</param>
            <returns>An authorization URL based on <paramref name="state"/> and <paramref name="scope"/>.</returns>
        </member>
        <member name="M:Skybrud.Social.Microsoft.WindowsLive.OAuth.WindowsLiveOAuthClient.GetAccessTokenFromAuthCode(System.String)">
            <summary>
            Exchanges the specified <paramref name="authorizationCode"/> for a refresh token and an access token.
            </summary>
            <param name="authorizationCode">The authorization code received from the Microsoft OAuth dialog.</param>
            <returns>An instance of <see cref="T:Skybrud.Social.Microsoft.WindowsLive.Responses.Authentication.WindowsLiveTokenResponse"/> representing the response.</returns>
        </member>
        <member name="M:Skybrud.Social.Microsoft.WindowsLive.OAuth.WindowsLiveOAuthClient.GetAccessTokenFromRefreshToken(System.String)">
            <summary>
            Gets a new access token from the specified <paramref name="refreshToken"/>.
            </summary>
            <param name="refreshToken">The refresh token of the user.</param>
            <returns>An instance of <see cref="T:Skybrud.Social.Microsoft.WindowsLive.Responses.Authentication.WindowsLiveTokenResponse"/> representing the response.</returns>
        </member>
        <member name="M:Skybrud.Social.Microsoft.WindowsLive.OAuth.WindowsLiveOAuthClient.PrepareHttpRequest(Skybrud.Social.Http.SocialHttpRequest)">
            <summary>
            Virtual method that can be used for configuring a request.
            </summary>
            <param name="request">The instance of <see cref="T:Skybrud.Social.Http.SocialHttpRequest"/> representing the request.</param>
        </member>
        <member name="M:Skybrud.Social.Microsoft.WindowsLive.Responses.Authentication.WindowsLiveTokenResponse.ParseResponse(Skybrud.Social.Http.SocialHttpResponse)">
            <summary>
            Parses the specified <paramref name="response"/> into an instance of <see cref="T:Skybrud.Social.Microsoft.WindowsLive.Responses.Authentication.WindowsLiveTokenResponse"/>.
            </summary>
            <param name="response">The response to be parsed.</param>
            <returns>An instance of <see cref="T:Skybrud.Social.Microsoft.WindowsLive.Responses.Authentication.WindowsLiveTokenResponse"/>.</returns>
        </member>
        <member name="T:Skybrud.Social.Microsoft.WindowsLive.Responses.Users.WindowsLiveGetUserResponse">
            <summary>
            Class representing the response of a call to get information about a single Windows Live user.
            </summary>
        </member>
        <member name="M:Skybrud.Social.Microsoft.WindowsLive.Responses.Users.WindowsLiveGetUserResponse.ParseResponse(Skybrud.Social.Http.SocialHttpResponse)">
            <summary>
            Parses the specified <paramref name="response"/> into an instance of <see cref="T:Skybrud.Social.Microsoft.WindowsLive.Responses.Users.WindowsLiveGetUserResponse"/>.
            </summary>
            <param name="response">The response to be parsed.</param>
            <returns>An instance of <see cref="T:Skybrud.Social.Microsoft.WindowsLive.Responses.Users.WindowsLiveGetUserResponse"/>.</returns>
        </member>
        <member name="T:Skybrud.Social.Microsoft.WindowsLive.Responses.WindowsLiveResponse">
            <summary>
            Class representing a response from one of the the various Microsoft APIs.
            </summary>
        </member>
        <member name="M:Skybrud.Social.Microsoft.WindowsLive.Responses.WindowsLiveResponse.ValidateResponse(Skybrud.Social.Http.SocialHttpResponse)">
            <summary>
            Validates the specified <paramref name="response"/>.
            </summary>
            <param name="response">The response to be validated.</param>
        </member>
        <member name="T:Skybrud.Social.Microsoft.WindowsLive.Responses.WindowsLiveResponse`1">
            <summary>
            Class representing a response from one of the the various Microsoft APIs.
            </summary>
        </member>
        <member name="P:Skybrud.Social.Microsoft.WindowsLive.Responses.WindowsLiveResponse`1.Body">
            <summary>
            Gets the body of the response.
            </summary>
        </member>
        <member name="M:Skybrud.Social.Microsoft.WindowsLive.Responses.WindowsLiveResponse`1.#ctor(Skybrud.Social.Http.SocialHttpResponse)">
            <summary>
            Initializes a new instance based on the specified <paramref name="response"/>.
            </summary>
            <param name="response">The instance of <see cref="T:Skybrud.Social.Http.SocialHttpResponse"/> representing the raw response.</param>
        </member>
        <member name="T:Skybrud.Social.Microsoft.WindowsLive.Scopes.WindowsLiveScope">
            <summary>
            Class representing a scope of the various Microsoft APIs.
            </summary>
        </member>
        <member name="P:Skybrud.Social.Microsoft.WindowsLive.Scopes.WindowsLiveScope.Name">
            <summary>
            Gets the name of the scope.
            </summary>
        </member>
        <member name="M:Skybrud.Social.Microsoft.WindowsLive.Scopes.WindowsLiveScope.#ctor(System.String)">
            <summary>
            Initializes a new scope based on the specified <paramref name="name"/>.
            </summary>
            <param name="name">The name of the scope.</param>
        </member>
        <member name="M:Skybrud.Social.Microsoft.WindowsLive.Scopes.WindowsLiveScope.RegisterScope(System.String)">
            <summary>
            Registers a scope in the internal dictionary.
            </summary>
            <param name="name">The name of the scope.</param>
        </member>
        <member name="M:Skybrud.Social.Microsoft.WindowsLive.Scopes.WindowsLiveScope.GetScope(System.String)">
            <summary>
            Attempts to get a scope with the specified <paramref name="name"/>.
            </summary>
            <param name="name">The name of the scope.</param>
            <returns>Gets a scope matching the specified <paramref name="name"/>, or <c>null</c> if not found.</returns>
        </member>
        <member name="M:Skybrud.Social.Microsoft.WindowsLive.Scopes.WindowsLiveScope.ScopeExists(System.String)">
            <summary>
            Gets whether the scope with the specified <paramref name="name"/> is a known scope.
            </summary>
            <param name="name">The name of the scope.</param>
            <returns><c>true</c> if <paramref name="name"/> matches a known scope, otherwise <c>false</c>.</returns>
        </member>
        <member name="M:Skybrud.Social.Microsoft.WindowsLive.Scopes.WindowsLiveScope.op_Addition(Skybrud.Social.Microsoft.WindowsLive.Scopes.WindowsLiveScope,Skybrud.Social.Microsoft.WindowsLive.Scopes.WindowsLiveScope)">
            <summary>
            Adding two instances of <see cref="T:Skybrud.Social.Microsoft.WindowsLive.Scopes.WindowsLiveScope"/> will result in a
            <see cref="T:Skybrud.Social.Microsoft.WindowsLive.Scopes.WindowsLiveScopeCollection"/> containing both scopes.
            </summary>
            <param name="left">The left scope.</param>
            <param name="right">The right scope.</param>
            <returns>A new collection based on <paramref name="left"/> and <paramref name="right"/>.</returns>
        </member>
        <member name="T:Skybrud.Social.Microsoft.WindowsLive.Scopes.WindowsLiveScopeCollection">
            <summary>
            Class representing a collection of scopes for the various Microsoft APIs.
            </summary>
        </member>
        <member name="P:Skybrud.Social.Microsoft.WindowsLive.Scopes.WindowsLiveScopeCollection.Items">
            <summary>
            Gets an array of all the scopes added to the collection.
            </summary>
        </member>
        <member name="M:Skybrud.Social.Microsoft.WindowsLive.Scopes.WindowsLiveScopeCollection.#ctor(Skybrud.Social.Microsoft.WindowsLive.Scopes.WindowsLiveScope[])">
            <summary>
            Initializes a new collection based on the specified <paramref name="array"/> of scopes.
            </summary>
            <param name="array">Array of scopes.</param>
        </member>
        <member name="M:Skybrud.Social.Microsoft.WindowsLive.Scopes.WindowsLiveScopeCollection.Add(Skybrud.Social.Microsoft.WindowsLive.Scopes.WindowsLiveScope)">
            <summary>
            Adds the specified <paramref name="scope"/> to the collection.
            </summary>
            <param name="scope">The scope to be added.</param>
        </member>
        <member name="M:Skybrud.Social.Microsoft.WindowsLive.Scopes.WindowsLiveScopeCollection.ToArray">
            <summary>
            Returns an array of scopes based on the collection.
            </summary>
            <returns>Array of <see cref="T:Skybrud.Social.Microsoft.WindowsLive.Scopes.WindowsLiveScope"/> contained in the location.</returns>
        </member>
        <member name="M:Skybrud.Social.Microsoft.WindowsLive.Scopes.WindowsLiveScopeCollection.ToStringArray">
            <summary>
            Returns an array of strings representing each scope in the collection.
            </summary>
            <returns>Array of <see cref="T:System.String"/> representing each scope in the collection.</returns>
        </member>
        <member name="M:Skybrud.Social.Microsoft.WindowsLive.Scopes.WindowsLiveScopeCollection.ToString">
            <summary>
            Returns a string representing the scopea added to the collection using a comma as a separator.
            </summary>
            <returns>A string of scopes separated by a comma.</returns>
        </member>
        <member name="M:Skybrud.Social.Microsoft.WindowsLive.Scopes.WindowsLiveScopeCollection.op_Implicit(Skybrud.Social.Microsoft.WindowsLive.Scopes.WindowsLiveScope)~Skybrud.Social.Microsoft.WindowsLive.Scopes.WindowsLiveScopeCollection">
            <summary>
            Initializes a new collection based on a single <paramref name="scope"/>.
            </summary>
            <param name="scope">The scope the collection should be based on.</param>
            <returns>A new collection based on a single <paramref name="scope"/>.</returns>
        </member>
        <member name="M:Skybrud.Social.Microsoft.WindowsLive.Scopes.WindowsLiveScopeCollection.op_Implicit(Skybrud.Social.Microsoft.WindowsLive.Scopes.WindowsLiveScope[])~Skybrud.Social.Microsoft.WindowsLive.Scopes.WindowsLiveScopeCollection">
            <summary>
            Initializes a new collection based on an <paramref name="array"/> of scopes.
            </summary>
            <param name="array">The array of scopes the collection should be based on.</param>
            <returns>A new collection based on an <paramref name="array"/> of scopes.</returns>
        </member>
        <member name="M:Skybrud.Social.Microsoft.WindowsLive.Scopes.WindowsLiveScopeCollection.op_Addition(Skybrud.Social.Microsoft.WindowsLive.Scopes.WindowsLiveScopeCollection,Skybrud.Social.Microsoft.WindowsLive.Scopes.WindowsLiveScope)">
            <summary>
            Adds <paramref name="scope"/> to <paramref name="collection"/> using the plus operator.
            </summary>
            <param name="collection">The collection to which <paramref name="scope"/> will be added.</param>
            <param name="scope">The scope to be added to the <paramref name="collection"/>.</param>
        </member>
        <member name="T:Skybrud.Social.Microsoft.WindowsLive.Scopes.WindowsLiveScopes">
            <see>
                <cref>https://msdn.microsoft.com/en-us/library/hh243646.aspx</cref>
            </see>
        </member>
        <member name="F:Skybrud.Social.Microsoft.WindowsLive.Scopes.WindowsLiveScopes.Basic">
            <summary>
            Read access to a user's basic profile info. Also enables read access to a user's list of contacts.
            </summary>
            <see>
                <cref>https://msdn.microsoft.com/en-us/library/hh243646.aspx#wlbasic</cref>
            </see>
        </member>
        <member name="F:Skybrud.Social.Microsoft.WindowsLive.Scopes.WindowsLiveScopes.OfflineAccess">
            <summary>
            The ability of an app to read and update a user's info at any time. Without this scope, an app can access
            the user's info only while the user is signed in to Live Connect and is using your app.
            </summary>
            <see>
                <cref>https://msdn.microsoft.com/en-us/library/hh243646.aspx#wlofflineaccess</cref>
            </see>
        </member>
        <member name="F:Skybrud.Social.Microsoft.WindowsLive.Scopes.WindowsLiveScopes.Signin">
            <summary>
            Single sign-in behavior. With single sign-in, users who are already signed in to Live Connect are also
            signed in to your website.
            </summary>
            <see>
                <cref>https://msdn.microsoft.com/en-us/library/hh243646.aspx#wlsignin</cref>
            </see>
        </member>
        <member name="F:Skybrud.Social.Microsoft.WindowsLive.Scopes.WindowsLiveScopes.Birthday">
            <summary>
            Read access to a user's birthday info including birth day, month, and year.
            </summary>
            <see>
                <cref>https://msdn.microsoft.com/en-us/library/hh243646.aspx#wlbirthday</cref>
            </see>
        </member>
        <member name="F:Skybrud.Social.Microsoft.WindowsLive.Scopes.WindowsLiveScopes.Emails">
            <summary>
            Read access to a user's personal, preferred, and business email addresses.
            </summary>
            <see>
                <cref>https://msdn.microsoft.com/en-us/library/hh243646.aspx#wlemails</cref>
            </see>
        </member>
        <member name="T:Skybrud.Social.Microsoft.WindowsLive.WindowsLiveService">
            <summary>
            Service implementation of the Windows Live API.
            </summary>
        </member>
        <member name="P:Skybrud.Social.Microsoft.WindowsLive.WindowsLiveService.Client">
            <summary>
            Gets a reference to the internal OAuth client.
            </summary>
        </member>
        <member name="P:Skybrud.Social.Microsoft.WindowsLive.WindowsLiveService.WindowsLive">
            <summary>
            Gets a reference to the Windows Live endpoint.
            </summary>
        </member>
        <member name="M:Skybrud.Social.Microsoft.WindowsLive.WindowsLiveService.CreateFromOAuthClient(Skybrud.Social.Microsoft.WindowsLive.OAuth.WindowsLiveOAuthClient)">
            <summary>
            Initialize a new service instance from the specified OAuth client.
            </summary>
            <param name="client">The OAuth client.</param>
        </member>
        <member name="M:Skybrud.Social.Microsoft.WindowsLive.WindowsLiveService.CreateFromAccessToken(System.String)">
            <summary>
            Initializes a new service instance from the specifie OAuth 2 access
            token.
            </summary>
            <param name="accessToken">The access token.</param>
        </member>
        <member name="M:Skybrud.Social.Microsoft.WindowsLive.WindowsLiveService.CreateFromRefreshToken(System.String,System.String,System.String)">
            <summary>
            Initializes a new instance based on the specified refresh token.
            </summary>
            <param name="clientId">The client ID.</param>
            <param name="clientSecret">The client secret.</param>
            <param name="refreshToken">The refresh token of the user.</param>
        </member>
    </members>
</doc>
